avg_cost_per_teu_panama,avg_cost_per_teu_detour,avg_distance_saved_km,avg_cost_savings,margin_improvement_pct
27.88167350052206,41.30231598798466,9032.233663983261,322095.4196991023,0.3249368023664054
